# Source
# Beall, G., (1942) The Transformation of data from entomological field experiments, Biometrika, 29, 243–262.

# References
# McNeil, D. (1977) Interactive Data Analysis. New York: Wiley.

"count","spray"
10,"A"
7,"A"
20,"A"
14,"A"
14,"A"
12,"A"
10,"A"
23,"A"
17,"A"
20,"A"
14,"A"
13,"A"
11,"B"
17,"B"
21,"B"
11,"B"
16,"B"
14,"B"
17,"B"
17,"B"
19,"B"
21,"B"
7,"B"
13,"B"
0,"C"
1,"C"
7,"C"
2,"C"
3,"C"
1,"C"
2,"C"
1,"C"
3,"C"
0,"C"
1,"C"
4,"C"
3,"D"
5,"D"
12,"D"
6,"D"
4,"D"
3,"D"
5,"D"
5,"D"
5,"D"
5,"D"
2,"D"
4,"D"
3,"E"
5,"E"
3,"E"
5,"E"
3,"E"
6,"E"
1,"E"
1,"E"
3,"E"
2,"E"
6,"E"
4,"E"
11,"F"
9,"F"
15,"F"
22,"F"
15,"F"
16,"F"
13,"F"
10,"F"
26,"F"
26,"F"
24,"F"
13,"F"
