PlateletCa,BPLevel
95,normal
112,normal
122,normal
88,normal
78,normal
104,normal
90,normal
110,normal
100,normal
122,normal
126,normal
102,normal
122,normal
96,normal
135,normal
130,normal
127,normal
125,normal
103,normal
112,normal
120,normal
107,normal
107,normal
112,normal
93,normal
80,normal
88,normal
86,normal
107,normal
78,normal
88,normal
121,normal
125,normal
130,normal
107,normal
115,normal
110,normal
126,normal
287,high
250,high
182,high
200,high
230,high
130,high
180,high
226,high
160,high
140,high
160,high
160,high
120,high
145,high
165,high
140,high
143,high
160,high
148,high
146,high
139,high
160,high
164,high
165,high
138,high
170,high
145,high
145,high
155,high
165,high
160,high
160,high
185,high
165,high
187,high
145,high
176,high
160,high
190,high
160,high
210,high
150,high
160,high
175,high
168,high
