id,mother_age,mother_weight_lb,ethnicity,smoker,prev_premature,hypertension,uterine_irritability,visits,birth_weight_g,low_birth_weight
1,19,182,Black,No,0,No,Yes,0,2523,No
2,33,155,Other,No,0,No,No,3,2551,No
3,20,105,White,Yes,0,No,No,1,2557,No
4,21,108,White,Yes,0,No,Yes,2,2594,No
5,18,107,White,Yes,0,No,Yes,0,2600,No
6,21,124,Other,No,0,No,No,0,2622,No
7,22,118,White,No,0,No,No,1,2637,No
8,17,103,Other,No,0,No,No,1,2637,No
9,29,123,White,Yes,0,No,No,1,2663,No
10,26,113,White,Yes,0,No,No,0,2665,No
11,19,95,Other,No,0,No,No,0,2722,No
12,19,150,Other,No,0,No,No,1,2733,No
13,22,95,Other,No,0,Yes,No,0,2751,No
14,30,107,Other,No,1,No,Yes,2,2750,No
15,18,100,White,Yes,0,No,No,0,2769,No
16,18,100,White,Yes,0,No,No,0,2769,No
17,15,98,Black,No,0,No,No,0,2778,No
18,25,118,White,Yes,0,No,No,3,2782,No
19,20,120,Other,No,0,No,Yes,0,2807,No
20,28,120,White,Yes,0,No,No,1,2821,No
21,32,121,Other,No,0,No,No,2,2835,No
22,31,100,White,No,0,No,Yes,3,2835,No
23,36,202,White,No,0,No,No,1,2836,No
24,28,120,Other,No,0,No,No,0,2863,No
25,25,120,Other,No,0,No,Yes,2,2877,No
26,28,167,White,No,0,No,No,0,2877,No
27,17,122,White,Yes,0,No,No,0,2906,No
28,29,150,White,No,0,No,No,2,2920,No
29,26,168,Black,Yes,0,No,No,0,2920,No
30,17,113,Black,No,0,No,No,1,2920,No
31,17,113,Black,No,0,No,No,1,2920,No
32,24,90,White,Yes,1,No,No,1,2948,No
33,35,121,Black,Yes,1,No,No,1,2948,No
34,25,155,White,No,0,No,No,1,2977,No
35,25,125,Black,No,0,No,No,0,2977,No
36,29,140,White,Yes,0,No,No,2,2977,No
37,19,138,White,Yes,0,No,No,2,2977,No
38,27,124,White,Yes,0,No,No,0,2922,No
39,31,215,White,Yes,0,No,No,2,3005,No
40,33,109,White,Yes,0,No,No,1,3033,No
41,21,185,Black,Yes,0,No,No,2,3042,No
42,19,189,White,No,0,No,No,2,3062,No
43,23,130,Black,No,0,No,No,1,3062,No
44,21,160,White,No,0,No,No,0,3062,No
45,18,90,White,Yes,0,No,Yes,0,3062,No
46,18,90,White,Yes,0,No,Yes,0,3062,No
47,32,132,White,No,0,No,No,4,3080,No
48,19,132,Other,No,0,No,No,0,3090,No
49,24,115,White,No,0,No,No,2,3090,No
50,22,85,Other,Yes,0,No,No,0,3090,No
51,22,120,White,No,0,Yes,No,1,3100,No
52,23,128,Other,No,0,No,No,0,3104,No
53,22,130,White,Yes,0,No,No,0,3132,No
54,30,95,White,Yes,0,No,No,2,3147,No
55,19,115,Other,No,0,No,No,0,3175,No
56,16,110,Other,No,0,No,No,0,3175,No
57,21,110,Other,Yes,0,No,Yes,0,3203,No
58,30,153,Other,No,0,No,No,0,3203,No
59,20,103,Other,No,0,No,No,0,3203,No
60,17,119,Other,No,0,No,No,0,3225,No
61,17,119,Other,No,0,No,No,0,3225,No
62,23,119,Other,No,0,No,No,2,3232,No
63,24,110,Other,No,0,No,No,0,3232,No
64,28,140,White,No,0,No,No,0,3234,No
65,26,133,Other,Yes,2,No,No,0,3260,No
66,20,169,Other,No,1,No,Yes,1,3274,No
67,24,115,Other,No,0,No,No,2,3274,No
68,28,250,Other,Yes,0,No,No,6,3303,No
69,20,141,White,No,2,No,Yes,1,3317,No
70,22,158,Black,No,1,No,No,2,3317,No
71,22,112,White,Yes,2,No,No,0,3317,No
72,31,150,Other,Yes,0,No,No,2,3321,No
73,23,115,Other,Yes,0,No,No,1,3331,No
74,16,112,Black,No,0,No,No,0,3374,No
75,16,135,White,Yes,0,No,No,0,3374,No
76,18,229,Black,No,0,No,No,0,3402,No
77,25,140,White,No,0,No,No,1,3416,No
78,32,134,White,Yes,1,No,No,4,3430,No
79,20,121,Black,Yes,0,No,No,0,3444,No
80,23,190,White,No,0,No,No,0,3459,No
81,22,131,White,No,0,No,No,1,3460,No
82,32,170,White,No,0,No,No,0,3473,No
83,30,110,Other,No,0,No,No,0,3544,No
84,20,127,Other,No,0,No,No,0,3487,No
85,23,123,Other,No,0,No,No,0,3544,No
86,17,120,Other,Yes,0,No,No,0,3572,No
87,19,105,Other,No,0,No,No,0,3572,No
88,23,130,White,No,0,No,No,0,3586,No
89,36,175,White,No,0,No,No,0,3600,No
90,22,125,White,No,0,No,No,1,3614,No
91,24,133,White,No,0,No,No,0,3614,No
92,21,134,Other,No,0,No,No,2,3629,No
93,19,235,White,Yes,0,Yes,No,0,3629,No
94,25,95,White,Yes,3,No,Yes,0,3637,No
95,16,135,White,Yes,0,No,No,0,3643,No
96,29,135,White,No,0,No,No,1,3651,No
97,29,154,White,No,0,No,No,1,3651,No
98,19,147,White,Yes,0,No,No,0,3651,No
99,19,147,White,Yes,0,No,No,0,3651,No
100,30,137,White,No,0,No,No,1,3699,No
101,24,110,White,No,0,No,No,1,3728,No
102,19,184,White,Yes,0,Yes,No,0,3756,No
103,24,110,Other,No,1,No,No,0,3770,No
104,23,110,White,No,0,No,No,1,3770,No
105,20,120,Other,No,0,No,No,0,3770,No
106,25,241,Black,No,0,Yes,No,0,3790,No
107,30,112,White,No,0,No,No,1,3799,No
108,22,169,White,No,0,No,No,0,3827,No
109,18,120,White,Yes,0,No,No,2,3856,No
110,16,170,Black,No,0,No,No,4,3860,No
111,32,186,White,No,0,No,No,2,3860,No
112,18,120,Other,No,0,No,No,1,3884,No
113,29,130,White,Yes,0,No,No,2,3884,No
114,33,117,White,No,0,No,Yes,1,3912,No
115,20,170,White,Yes,0,No,No,0,3940,No
116,28,134,Other,No,0,No,No,1,3941,No
117,14,135,White,No,0,No,No,0,3941,No
118,28,130,Other,No,0,No,No,0,3969,No
119,25,120,White,No,0,No,No,2,3983,No
120,16,95,Other,No,0,No,No,1,3997,No
121,20,158,White,No,0,No,No,1,3997,No
122,26,160,Other,No,0,No,No,0,4054,No
123,21,115,White,No,0,No,No,1,4054,No
124,22,129,White,No,0,No,No,0,4111,No
125,25,130,White,No,0,No,No,2,4153,No
126,31,120,White,No,0,No,No,2,4167,No
127,35,170,White,No,1,No,No,1,4174,No
128,19,120,White,Yes,0,No,No,0,4238,No
129,24,116,White,No,0,No,No,1,4593,No
130,45,123,White,No,0,No,No,1,4990,No
131,28,120,Other,Yes,1,No,Yes,0,709,Yes
132,29,130,White,No,0,No,Yes,2,1021,Yes
133,34,187,Black,Yes,0,Yes,No,0,1135,Yes
134,25,105,Other,No,1,Yes,No,0,1330,Yes
135,25,85,Other,No,0,No,Yes,0,1474,Yes
136,27,150,Other,No,0,No,No,0,1588,Yes
137,23,97,Other,No,0,No,Yes,1,1588,Yes
138,24,128,Black,No,1,No,No,1,1701,Yes
139,24,132,Other,No,0,Yes,No,0,1729,Yes
140,21,165,White,Yes,0,Yes,No,1,1790,Yes
141,32,105,White,Yes,0,No,No,0,1818,Yes
142,19,91,White,Yes,2,No,Yes,0,1885,Yes
143,25,115,Other,No,0,No,No,0,1893,Yes
144,16,130,Other,No,0,No,No,1,1899,Yes
145,25,92,White,Yes,0,No,No,0,1928,Yes
146,20,150,White,Yes,0,No,No,2,1928,Yes
147,21,200,Black,No,0,No,Yes,2,1928,Yes
148,24,155,White,Yes,1,No,No,0,1936,Yes
149,21,103,Other,No,0,No,No,0,1970,Yes
150,20,125,Other,No,0,No,Yes,0,2055,Yes
151,25,89,Other,No,2,No,No,1,2055,Yes
152,19,102,White,No,0,No,No,2,2082,Yes
153,19,112,White,Yes,0,No,Yes,0,2084,Yes
154,26,117,White,Yes,1,No,No,0,2084,Yes
155,24,138,White,No,0,No,No,0,2100,Yes
156,17,130,Other,Yes,1,No,Yes,0,2125,Yes
157,20,120,Black,Yes,0,No,No,3,2126,Yes
158,22,130,White,Yes,1,No,Yes,1,2187,Yes
159,27,130,Black,No,0,No,Yes,0,2187,Yes
160,20,80,Other,Yes,0,No,Yes,0,2211,Yes
161,17,110,White,Yes,0,No,No,0,2225,Yes
162,25,105,Other,No,1,No,No,1,2240,Yes
163,20,109,Other,No,0,No,No,0,2240,Yes
164,18,148,Other,No,0,No,No,0,2282,Yes
165,18,110,Black,Yes,1,No,No,0,2296,Yes
166,20,121,White,Yes,1,No,Yes,0,2296,Yes
167,21,100,Other,No,1,No,No,4,2301,Yes
168,26,96,Other,No,0,No,No,0,2325,Yes
169,31,102,White,Yes,1,No,No,1,2353,Yes
170,15,110,White,No,0,No,No,0,2353,Yes
171,23,187,Black,Yes,0,No,No,1,2367,Yes
172,20,122,Black,Yes,0,No,No,0,2381,Yes
173,24,105,Black,Yes,0,No,No,0,2381,Yes
174,15,115,Other,No,0,No,Yes,0,2381,Yes
175,23,120,Other,No,0,No,No,0,2410,Yes
176,30,142,White,Yes,1,No,No,0,2410,Yes
177,22,130,White,Yes,0,No,No,1,2410,Yes
178,17,120,White,Yes,0,No,No,3,2414,Yes
179,23,110,White,Yes,1,No,No,0,2424,Yes
180,17,120,Black,No,0,No,No,2,2438,Yes
181,26,154,Other,No,1,Yes,No,1,2442,Yes
182,20,105,Other,No,0,No,No,3,2450,Yes
183,26,190,White,Yes,0,No,No,0,2466,Yes
184,14,101,Other,Yes,1,No,No,0,2466,Yes
185,28,95,White,Yes,0,No,No,2,2466,Yes
186,14,100,Other,No,0,No,No,2,2495,Yes
187,23,94,Other,Yes,0,No,No,0,2495,Yes
188,17,142,Black,No,0,Yes,No,0,2495,Yes
189,21,130,White,Yes,0,Yes,No,3,2495,Yes
